City_ID,City,Country,Lat,Lng,Max Temp,Humidity,Cloudiness,Wind Speed,Current Description
0,Vaini,TO,-21.2,-175.2,75.2,78,20,12.75,few clouds
1,San Pedro,PH,14.35,121.02,78.8,88,40,4.7,scattered clouds
2,Lagunas,PE,-5.23,-75.68,86.18,63,74,3.49,broken clouds
3,Washington,US,47.5,-120.5,30.99,92,40,6.93,scattered clouds
4,Luderitz,NA,-26.65,15.16,73.4,56,0,24.16,clear sky
5,Sandovo,RU,58.46,36.41,35.76,91,100,11.68,overcast clouds
6,Winnemucca,US,40.97,-117.74,17.6,72,1,5.82,clear sky
7,Bowmore,US,34.94,-79.3,53.01,87,1,3.36,clear sky
8,Trat,TH,12.5,102.5,74.21,83,83,5.03,broken clouds
9,Taunsa,PK,30.7,70.65,62.8,28,26,2.64,scattered clouds
10,Derzhavinsk,KZ,51.1,66.32,2.55,93,0,6.64,clear sky
11,Avarua,CK,-21.21,-159.78,78.8,94,96,8.05,moderate rain
12,Saint Anthony,US,45.02,-93.22,37.4,59,90,16.11,overcast clouds
13,Airai,TL,-8.93,125.41,63.0,100,14,1.48,few clouds
14,Mataura,NZ,-46.19,168.86,52.0,85,100,2.53,overcast clouds
15,Buala,SB,-8.14,159.59,78.84,78,100,5.86,light rain
16,Ulaangom,MN,49.98,92.07,9.79,91,100,3.53,overcast clouds
17,Qaanaaq,GL,77.48,-69.36,-14.17,83,90,4.38,overcast clouds
18,Rikitea,PF,-23.12,-134.97,76.03,82,93,12.55,light rain
19,Pachino,IT,36.72,15.09,55.99,86,100,6.24,overcast clouds
20,Jamestown,US,42.1,-79.24,39.0,74,1,8.05,clear sky
21,Althofen,AT,46.88,14.47,35.6,80,20,3.36,few clouds
22,Lazaro Cardenas,MX,17.96,-102.2,78.64,72,0,3.29,clear sky
23,Barrow,US,71.29,-156.79,6.8,77,90,8.05,haze
24,Olafsvik,IS,64.89,-23.71,36.25,87,100,19.89,overcast clouds
25,Albany,US,42.6,-73.97,39.0,68,0,3.24,clear sky
26,Kouroussa,GN,10.65,-9.88,95.29,20,92,4.27,overcast clouds
27,Ereymentau,KZ,51.62,73.1,3.24,95,100,7.29,overcast clouds
28,Khatanga,RU,71.97,102.5,12.49,96,100,21.45,light snow
29,Krasnoselkup,RU,65.7,82.47,-1.26,92,90,10.98,overcast clouds
30,Coquimbo,CL,-29.95,-71.34,60.8,72,0,14.99,clear sky
31,Borovichi,RU,58.39,33.92,35.96,90,100,11.01,overcast clouds
32,Georgetown,MY,5.41,100.34,82.4,88,20,3.36,light rain
33,East London,ZA,-33.02,27.91,71.6,64,20,12.75,few clouds
34,Punta Arenas,CL,-53.15,-70.92,50.0,71,75,32.21,broken clouds
35,Butaritari,KI,3.07,172.79,80.76,83,32,15.61,moderate rain
36,Ushuaia,AR,-54.8,-68.3,44.6,75,75,21.92,broken clouds
37,Saint George,US,37.1,-113.58,26.6,45,1,4.9,clear sky
38,Komsomolskiy,UZ,40.43,71.72,32.0,87,0,4.7,mist
39,Saint-Philippe,RE,-21.36,55.77,78.8,69,75,5.82,broken clouds
40,Hermanus,ZA,-34.42,19.23,72.0,59,0,5.01,clear sky
41,Mahebourg,MU,-20.41,57.7,78.8,69,40,10.29,scattered clouds
42,Yellowknife,CA,62.46,-114.35,17.6,92,75,11.41,broken clouds
43,Ravar,IR,31.27,56.81,59.5,34,39,2.75,scattered clouds
44,Nanortalik,GL,60.14,-45.24,29.26,90,1,6.42,clear sky
45,Lagoa,PT,39.05,-27.98,58.78,75,99,27.51,overcast clouds
46,Tapiramuta,BR,-11.85,-40.79,76.23,62,98,7.56,overcast clouds
47,Bereda,ES,43.27,-7.54,59.0,91,100,5.01,overcast clouds
48,Ratnagiri,IN,16.98,73.3,80.29,72,4,4.56,clear sky
49,Hobart,AU,-42.88,147.33,50.0,71,2,6.93,clear sky
50,Katsuura,JP,35.13,140.3,51.8,66,40,9.17,scattered clouds
51,Mount Pleasant,US,32.79,-79.86,66.0,93,90,11.83,overcast clouds
52,Concarneau,FR,47.88,-3.92,59.0,47,0,10.29,clear sky
53,Upernavik,GL,72.79,-56.15,7.32,75,100,8.55,overcast clouds
54,Port Alfred,ZA,-33.59,26.89,68.29,67,0,12.59,clear sky
55,Namanyere,TZ,-7.52,31.05,68.04,88,100,3.31,moderate rain
56,Petatlan,MX,17.52,-101.27,73.4,83,5,0.74,clear sky
57,Hilo,US,19.73,-155.09,66.2,77,1,3.36,clear sky
58,Bluff,NZ,-46.6,168.33,52.0,85,100,6.76,overcast clouds
59,Askarovo,RU,53.34,58.51,-0.4,84,20,0.92,mist
60,Sakaraha,MG,-22.9,44.53,80.04,62,82,8.01,moderate rain
61,Victoria,HK,22.29,114.16,68.0,64,71,1.01,broken clouds
62,Bathsheba,BB,13.22,-59.52,86.0,74,40,18.34,scattered clouds
63,Samarai,PG,-10.62,150.67,80.96,84,61,7.76,broken clouds
64,Istisu,AZ,40.95,48.07,42.8,75,90,2.35,mist
65,Ribeira Grande,PT,38.52,-28.7,59.0,62,75,4.7,broken clouds
66,Gat,IL,31.61,34.76,64.0,20,0,6.91,clear sky
67,Nyborg,DK,55.31,10.79,35.6,75,75,6.93,broken clouds
68,Kavieng,PG,-2.57,150.8,81.91,81,100,20.0,heavy intensity rain
69,Red Wing,US,44.56,-92.53,37.4,64,90,9.17,overcast clouds
70,Pingliang,CN,35.54,106.69,26.38,90,24,2.04,few clouds
71,Ileza,RU,61.05,43.9,16.48,97,94,6.26,overcast clouds
72,Isangel,VU,-19.55,169.27,70.97,75,28,6.78,scattered clouds
73,Port Blair,IN,11.67,92.75,81.16,79,4,15.43,light rain
74,Istria,RO,44.57,28.72,35.6,93,75,6.93,mist
75,Erdenet,MN,49.03,104.08,2.68,90,0,3.04,clear sky
76,Cidreira,BR,-30.18,-50.21,80.55,73,64,4.85,light rain
77,Cape Town,ZA,-33.93,18.42,72.0,52,0,21.92,clear sky
78,Geraldton,AU,-28.77,114.6,64.4,63,27,12.75,scattered clouds
79,Puerto Ayora,EC,-0.74,-90.35,70.0,97,97,1.99,light rain
80,Nemuro,JP,43.32,145.57,35.83,81,100,9.91,overcast clouds
81,Angoche,MZ,-16.23,39.91,83.43,70,1,9.4,clear sky
82,Mayumba,GA,-3.43,10.66,79.9,81,100,7.67,overcast clouds
83,Imbituba,BR,-28.24,-48.67,82.4,65,20,17.22,light rain
84,Cayenne,GF,4.93,-52.33,86.0,66,75,13.87,broken clouds
85,Shenjiamen,CN,29.96,122.3,54.36,68,66,16.44,broken clouds
86,Luganville,VU,-15.53,167.17,78.01,82,99,9.82,overcast clouds
87,Yeppoon,AU,-23.13,150.73,69.8,83,0,6.02,clear sky
88,Steamboat Springs,US,40.48,-106.83,17.6,92,1,3.42,clear sky
89,Puerto Escondido,MX,15.85,-97.07,77.0,88,90,5.82,overcast clouds
90,Port Lincoln,AU,-34.73,135.87,59.11,80,71,13.38,broken clouds
91,Mujiayingzi,CN,42.12,118.78,6.01,86,0,6.6,clear sky
92,Tiksi,RU,71.69,128.87,0.09,89,100,18.34,overcast clouds
93,Pevek,RU,69.7,170.31,-0.47,94,100,8.79,overcast clouds
94,Sao Filipe,CV,14.9,-24.5,74.82,72,87,13.62,overcast clouds
95,Busselton,AU,-33.65,115.33,54.0,95,62,17.65,broken clouds
96,Biskamzha,RU,53.45,89.53,6.51,90,0,1.43,clear sky
97,Madawaska,US,47.36,-68.33,34.0,92,0,2.24,clear sky
98,Hobyo,SO,5.35,48.53,79.99,68,5,16.15,clear sky
99,Bien Hoa,VN,10.95,106.82,78.8,94,75,2.24,broken clouds
100,Jeremie,HT,18.65,-74.12,81.59,62,0,5.46,clear sky
101,Inhambane,MZ,-23.86,35.38,80.6,83,75,6.93,broken clouds
102,Ponta Do Sol,PT,32.67,-17.1,62.6,63,40,18.34,light intensity shower rain
103,Dikson,RU,73.51,80.55,31.66,99,100,27.72,snow
104,Saldanha,ZA,-33.01,17.94,73.4,46,0,19.46,clear sky
105,Guia De Isora,ES,28.21,-16.78,69.01,82,75,6.93,broken clouds
106,Pauini,BR,-7.71,-66.98,95.14,47,100,1.01,overcast clouds
107,Byron Bay,AU,-28.65,153.62,73.4,78,85,8.05,overcast clouds
108,Adrar,MR,20.5,-10.07,77.02,21,91,7.31,overcast clouds
109,College,US,64.86,-147.8,15.01,84,75,3.36,broken clouds
110,Kapaa,US,22.08,-159.32,75.2,78,20,13.87,few clouds
111,Nelson Bay,AU,-32.72,152.15,69.8,68,75,11.41,broken clouds
112,Alofi,NU,-19.06,-169.92,77.0,94,100,4.7,light rain
113,Taoudenni,ML,22.68,-3.98,78.89,17,100,3.65,overcast clouds
114,Saskylakh,RU,71.92,114.08,11.35,93,99,15.46,overcast clouds
115,Rio Gallegos,AR,-51.62,-69.22,53.6,54,75,23.04,broken clouds
116,Arraial Do Cabo,BR,-22.97,-42.03,84.2,65,0,18.34,clear sky
117,Vardo,NO,70.37,31.11,32.0,86,20,24.16,few clouds
118,Sambava,MG,-14.27,50.17,78.03,78,5,9.33,clear sky
119,Emilio Carranza,MX,19.97,-96.61,77.88,70,18,1.41,few clouds
120,New Norfolk,AU,-42.78,147.06,48.99,63,3,2.68,clear sky
121,Pochutla,MX,15.74,-96.47,77.0,78,75,2.06,broken clouds
122,Tuatapere,NZ,-46.13,167.68,52.0,85,100,3.2,overcast clouds
123,Atuona,PF,-9.8,-139.03,78.42,78,1,17.18,light rain
124,Plouzane,FR,48.38,-4.62,59.0,62,0,10.29,clear sky
125,Hamilton,US,39.18,-84.53,43.0,74,40,3.27,scattered clouds
126,Portobelo,PA,9.55,-79.65,84.0,99,39,5.86,scattered clouds
127,Andenes,NO,69.31,16.12,43.0,87,75,23.04,heavy intensity rain
128,San Patricio,US,28.02,-97.52,57.2,93,75,11.41,broken clouds
129,Kralendijk,BQ,12.15,-68.27,82.4,83,75,14.99,broken clouds
130,Shakawe,BW,-18.37,21.85,77.94,61,94,3.24,light rain
131,Fortuna,US,40.6,-124.16,43.0,93,1,4.7,clear sky
132,Kodiak,US,57.79,-152.41,21.2,85,40,4.7,scattered clouds
133,Fagersta,SE,60.0,15.79,25.0,92,59,3.36,broken clouds
134,Ancud,CL,-41.87,-73.82,55.99,62,75,4.7,broken clouds
135,Bentiu,SS,9.23,29.83,92.32,18,0,3.89,clear sky
136,Makinsk,KZ,52.63,70.42,5.5,94,100,8.1,overcast clouds
137,Ishinomaki,JP,38.42,141.3,43.61,80,63,11.07,broken clouds
138,Langarud,IR,37.2,50.15,51.8,100,90,4.7,moderate rain
139,Iqaluit,CA,63.75,-68.51,-11.2,69,20,23.04,few clouds
140,Luanda,AO,-8.84,13.23,84.2,74,20,9.17,few clouds
141,Maceio,BR,-9.67,-35.74,80.6,69,75,10.29,broken clouds
142,Shimoda,JP,34.67,138.95,43.0,78,0,7.65,clear sky
143,Provideniya,RU,64.38,-173.3,14.74,91,68,7.61,broken clouds
144,Udachnyy,RU,66.42,112.4,-0.4,84,75,2.24,light snow
145,Touros,BR,-5.2,-35.46,87.8,55,40,16.11,scattered clouds
146,Severo-Kurilsk,RU,50.68,156.12,29.07,91,83,8.43,broken clouds
147,Zhigansk,RU,66.77,123.37,-5.21,91,91,7.02,overcast clouds
148,Cabo San Lucas,MX,22.89,-109.91,59.0,62,5,17.22,clear sky
149,Rincon,US,32.3,-81.24,61.0,77,90,4.7,overcast clouds
150,Port-Gentil,GA,-0.72,8.78,84.2,79,40,11.41,scattered clouds
151,Torbay,CA,47.67,-52.73,45.0,100,90,24.16,fog
152,Yumen,CN,40.28,97.2,18.82,84,62,1.9,broken clouds
153,Onalaska,US,43.88,-91.24,37.99,69,1,12.75,clear sky
154,Talnakh,RU,69.49,88.4,6.8,84,90,26.84,snow
155,Tasiilaq,GL,65.61,-37.64,10.4,66,0,4.7,clear sky
156,Hovd,MN,48.01,91.64,11.91,91,88,1.63,overcast clouds
157,Qaqortoq,GL,60.72,-46.03,21.2,57,0,9.17,clear sky
158,Yulara,AU,-25.24,130.99,89.6,24,1,12.75,clear sky
159,Jhang,PK,33.67,72.7,59.0,58,75,4.7,broken clouds
160,Hithadhoo,MV,-0.6,73.08,82.78,68,82,6.64,broken clouds
161,Bairiki,KI,1.33,172.98,82.4,78,40,11.41,scattered clouds
162,Hinton,CA,53.4,-117.59,14.0,85,100,3.36,overcast clouds
163,Nairobi,KE,-1.28,36.82,68.0,72,75,8.05,broken clouds
164,Ust-Tsilma,RU,65.44,52.15,19.09,92,90,8.48,overcast clouds
165,Longyearbyen,SJ,78.22,15.64,23.0,73,75,16.11,light snow
166,Leh,IN,34.17,77.58,24.1,81,100,2.39,overcast clouds
167,Kizhinga,RU,51.85,109.91,4.62,92,19,4.43,few clouds
168,Coro,VE,11.4,-69.67,83.86,69,100,12.93,overcast clouds
169,Lumajang,ID,-8.13,113.22,75.63,89,100,0.76,overcast clouds
170,Chokurdakh,RU,70.63,147.92,-6.3,92,93,10.38,overcast clouds
171,Madras,IN,13.09,80.28,80.6,88,75,3.36,mist
172,Broome,US,42.25,-75.83,39.99,55,1,8.05,clear sky
173,Leningradskiy,RU,69.38,178.42,8.89,92,100,18.95,overcast clouds
174,Norman Wells,CA,65.28,-126.83,-4.0,83,75,9.17,broken clouds
175,Carnarvon,AU,-24.87,113.63,69.8,83,0,19.46,clear sky
176,Thompson,CA,55.74,-97.86,-4.0,83,20,5.82,few clouds
177,Sechura,PE,-5.56,-80.82,73.81,63,95,9.57,overcast clouds
178,Atbasar,KZ,51.8,68.33,4.55,93,100,7.2,overcast clouds
179,Joshimath,IN,30.57,79.57,47.93,43,5,5.77,clear sky
180,Honningsvag,NO,70.98,25.97,39.63,74,57,20.02,broken clouds
181,Sola,VU,-13.88,167.55,78.17,89,86,7.23,light rain
182,Haines Junction,CA,60.75,-137.51,30.2,92,94,6.93,overcast clouds
183,Taylorville,US,39.55,-89.29,39.99,69,1,8.05,clear sky
184,Guerrero Negro,MX,27.98,-114.06,57.07,38,1,1.52,clear sky
185,Sistranda,NO,63.73,8.83,35.6,74,75,21.92,broken clouds
186,Aklavik,CA,68.22,-135.01,-5.8,83,100,3.36,overcast clouds
187,La Ronge,CA,55.1,-105.28,3.2,84,30,3.36,scattered clouds
188,Dunedin,NZ,-45.87,170.5,53.01,71,94,4.0,overcast clouds
189,Gao,ML,16.64,1.64,93.36,12,0,6.46,clear sky
190,Luba,GQ,3.46,8.55,81.0,76,56,5.17,broken clouds
191,Nikolskoye,RU,59.7,30.79,32.0,93,75,8.95,light snow
192,Chuy,UY,-33.7,-53.46,79.99,63,5,11.61,clear sky
193,Collecchio,IT,44.75,10.22,51.01,81,75,2.24,mist
194,Kogon,UZ,39.72,64.55,37.4,69,0,16.11,clear sky
195,Youkounkoun,GN,12.53,-13.13,101.73,12,11,1.66,few clouds
196,Solnechnyy,RU,50.72,136.63,8.87,93,99,0.69,overcast clouds
197,Ikom,NG,5.97,8.71,92.19,39,98,3.89,overcast clouds
198,Faanui,PF,-16.48,-151.75,80.78,78,53,9.22,broken clouds
199,Portland,US,45.52,-122.68,41.0,93,90,3.36,mist
200,Metsavan,AM,41.2,44.23,32.0,88,40,6.93,scattered clouds
201,Cherskiy,RU,68.75,161.3,-9.69,90,100,5.3,overcast clouds
202,Sawakin,SD,19.11,37.33,77.81,62,26,12.88,scattered clouds
203,Folldal,NO,62.13,10.0,19.29,84,0,3.67,clear sky
204,La Baneza,ES,42.3,-5.9,57.99,66,20,5.82,few clouds
205,Oum Hadjer,TD,13.3,19.7,94.87,12,0,5.61,clear sky
206,Sterling,US,39.01,-77.43,48.99,59,1,3.36,clear sky
207,Castro,BR,-24.79,-50.01,78.28,68,100,8.3,moderate rain
208,Hit,IQ,33.64,42.83,63.99,47,0,5.99,clear sky
209,Kavaratti,IN,10.57,72.64,82.8,69,12,4.72,few clouds
210,Polunochnoye,RU,60.87,60.42,11.5,94,0,2.15,clear sky
211,Jeremoabo,BR,-10.07,-38.48,89.06,32,45,11.68,scattered clouds
212,Brighton,GB,50.83,-0.14,48.2,87,75,6.93,broken clouds
213,Beaumont,US,30.09,-94.1,57.2,100,90,9.17,light intensity drizzle
214,Mar Del Plata,AR,-38.0,-57.56,82.4,42,0,16.11,clear sky
215,San Antonio,US,29.42,-98.49,44.6,100,1,3.36,clear sky
216,Miraflores,MX,19.22,-98.81,62.01,50,5,5.82,clear sky
217,Rawson,AR,-43.3,-65.1,63.21,28,0,19.91,clear sky
218,Mint Hill,US,35.18,-80.65,50.0,87,1,3.36,clear sky
219,Anshun,CN,26.25,105.93,43.66,79,97,9.08,overcast clouds
220,Zhengjiatun,CN,43.51,123.51,8.74,91,0,6.98,clear sky
221,Vila Franca Do Campo,PT,37.72,-25.43,57.2,87,40,25.28,light intensity shower rain
222,Lubango,AO,-14.92,13.49,75.2,87,75,9.17,moderate rain
223,Baiyin,CN,36.56,104.21,35.01,49,0,2.24,clear sky
224,Kamenka,RU,51.32,42.77,34.0,88,91,17.25,overcast clouds
225,Usogorsk,RU,63.41,48.69,14.32,95,0,6.64,clear sky
226,Kon Tum,VN,14.35,108.0,67.3,91,100,4.34,overcast clouds
227,Boa Vista,BR,2.82,-60.67,82.4,69,75,6.93,broken clouds
228,Mehamn,NO,71.04,27.85,35.6,84,50,16.17,scattered clouds
229,Los Zacatones,MX,22.95,-102.05,44.6,75,5,3.44,clear sky
230,Bengkulu,ID,-3.8,102.27,75.79,86,83,5.23,broken clouds
231,Ixtapa,MX,20.7,-105.2,73.0,88,5,1.77,clear sky
232,Kosh-Agach,RU,50.0,88.67,1.63,88,100,1.3,overcast clouds
233,Moose Factory,CA,51.26,-80.61,23.0,85,90,2.24,overcast clouds
234,El Alto,PE,-4.27,-81.21,75.2,64,0,18.34,clear sky
235,Kenai,US,60.55,-151.26,28.99,86,90,6.93,light snow
236,Male,MV,4.17,73.51,82.98,66,5,7.94,clear sky
237,Barzas,RU,55.72,86.32,5.0,84,0,4.47,clear sky
238,Arica,CL,-18.48,-70.3,69.8,68,75,10.29,broken clouds
239,Lannion,FR,48.75,-3.42,55.4,82,0,8.05,clear sky
240,Canberra,AU,-35.28,149.13,59.0,77,75,10.29,broken clouds
241,Mao,ES,39.89,4.27,59.0,87,20,9.17,few clouds
242,Magalia,US,39.81,-121.58,43.0,74,1,6.62,clear sky
243,Pisco,PE,-13.7,-76.22,69.8,77,0,10.29,clear sky
244,Dagda,LV,56.1,27.54,29.44,98,98,8.39,overcast clouds
245,Salinas,US,36.68,-121.66,39.2,59,1,5.82,clear sky
246,Kongolo,CD,-5.38,27.0,71.83,95,100,4.41,moderate rain
247,Sitka,US,57.05,-135.33,42.8,75,75,8.05,broken clouds
248,Meadow Lake,US,34.8,-106.54,30.0,79,1,8.05,clear sky
249,Kargasok,RU,59.06,80.86,2.01,93,4,4.43,clear sky
250,Benicarlo,ES,40.42,0.43,59.0,72,5,3.0,clear sky
251,Kawalu,ID,-7.38,108.21,71.6,92,100,0.81,moderate rain
252,Poya,NC,-21.35,165.15,71.91,73,0,5.48,clear sky
253,Kruisfontein,ZA,-34.0,24.73,69.01,57,0,7.0,clear sky
254,Riyadh,SA,24.69,46.72,77.0,44,75,4.7,broken clouds
255,Hue,VN,16.47,107.6,71.6,94,75,6.93,light rain
256,Svetlogorsk,BY,52.63,29.73,32.16,97,90,4.81,overcast clouds
257,Denia,ES,38.84,0.11,64.0,71,73,1.01,broken clouds
258,Ozinki,RU,51.18,49.68,20.84,96,49,13.06,scattered clouds
259,Namibe,AO,-15.2,12.15,76.53,67,32,11.92,scattered clouds
260,Vredendal,ZA,-31.67,18.5,80.85,29,0,22.82,clear sky
261,Souillac,MU,-20.52,57.52,78.8,69,40,10.29,scattered clouds
262,Payyannur,IN,12.1,75.2,82.4,78,20,2.24,mist
263,Bredasdorp,ZA,-34.53,20.04,69.8,52,0,11.41,clear sky
264,Puerto Castilla,HN,16.02,-85.97,78.8,78,20,4.27,few clouds
265,Huilong,CN,31.81,121.66,48.0,75,84,9.08,broken clouds
266,Necochea,AR,-38.55,-58.74,68.0,58,0,20.56,clear sky
267,Tres Passos,BR,-27.46,-53.93,85.91,59,100,4.54,light rain
268,Oranjemund,NA,-28.55,16.43,65.3,71,0,18.41,clear sky
269,Clyde River,CA,70.47,-68.59,-13.0,83,75,13.87,broken clouds
270,Voznesenye,RU,61.01,35.48,26.22,97,73,9.95,broken clouds
271,Te Anau,NZ,-45.42,167.72,46.24,83,100,2.28,overcast clouds
272,Gilleleje,DK,56.12,12.31,33.01,89,26,1.01,scattered clouds
273,Pasighat,IN,28.07,95.33,63.32,54,0,3.87,clear sky
274,Okhotsk,RU,59.38,143.3,3.61,86,82,16.51,broken clouds
275,Carpi,IT,44.78,10.88,48.99,77,99,0.51,overcast clouds
276,Meulaboh,ID,4.14,96.13,77.79,86,90,3.87,overcast clouds
277,Mutata,CO,7.24,-76.44,85.51,60,43,3.2,scattered clouds
278,Nome,US,64.5,-165.41,8.6,71,1,4.7,clear sky
279,San Cristobal,VE,7.77,-72.22,80.6,69,40,2.24,scattered clouds
280,Haverfordwest,GB,51.8,-4.97,55.0,93,17,6.93,few clouds
281,Ilulissat,GL,69.22,-51.1,24.8,73,90,12.75,overcast clouds
282,Sorland,NO,67.67,12.69,46.4,81,75,19.46,broken clouds
283,Yining,CN,29.04,114.56,44.15,86,100,2.82,light rain
284,Qujing,CN,25.48,103.78,46.31,89,42,3.76,scattered clouds
285,Klaksvik,FO,62.23,-6.59,44.6,81,84,19.46,broken clouds
286,Dzhebariki-Khaya,RU,62.22,135.8,-26.14,85,75,0.54,broken clouds
287,Burnie,AU,-41.07,145.92,46.0,94,2,5.99,clear sky
288,Yenagoa,NG,4.92,6.26,86.22,65,99,3.22,light rain
289,Mana,GF,5.66,-53.78,85.73,66,6,9.6,clear sky
290,Serenje,ZM,-13.23,30.24,83.61,32,12,8.7,few clouds
291,Margate,GB,51.38,1.39,48.0,83,1,7.23,clear sky
292,Quinagaringan,PH,11.12,122.59,75.16,91,22,5.99,light rain
293,Sao Joao Da Barra,BR,-21.64,-41.05,84.2,62,40,14.99,scattered clouds
294,Ekhabi,RU,53.51,142.97,21.52,94,100,9.19,overcast clouds
295,Shiraz,IR,29.6,52.54,55.4,87,75,4.68,broken clouds
296,Manggar,ID,-2.88,108.27,79.66,81,100,3.38,overcast clouds
297,Harper,LR,4.38,-7.72,81.86,78,27,9.78,light rain
298,Khasan,RU,42.43,130.64,25.92,84,0,17.74,clear sky
299,Bratsk,RU,56.13,101.61,-0.4,84,100,4.47,overcast clouds
300,Bowen,AU,-20.02,148.23,66.2,77,1,9.55,clear sky
301,Christchurch,NZ,-43.53,172.63,55.0,81,91,11.41,overcast clouds
302,Mezen,RU,65.85,44.24,19.65,96,100,9.93,overcast clouds
303,Chipata,ZM,-13.63,32.65,87.57,27,55,6.82,broken clouds
304,Kahului,US,20.89,-156.47,69.8,77,20,5.82,few clouds
305,Tsumeb,NA,-19.23,17.72,85.57,38,86,5.95,overcast clouds
306,Grindavik,IS,63.84,-22.43,35.6,94,90,13.87,overcast clouds
307,Coihaique,CL,-45.58,-72.07,51.8,53,40,8.05,scattered clouds
308,Pando,UY,-34.72,-55.95,77.0,73,20,8.05,few clouds
309,Los Llanos De Aridane,ES,28.66,-17.92,69.8,49,40,6.93,scattered clouds
310,La Brea,HN,15.8,-85.97,78.8,78,20,1.3,few clouds
311,Kingaroy,AU,-26.53,151.83,69.8,68,54,9.17,broken clouds
312,Hoa Binh,VN,20.81,105.34,68.0,60,0,4.7,clear sky
313,Vigrestad,NO,58.57,5.7,42.8,81,75,10.29,broken clouds
314,Mount Gambier,AU,-37.83,140.77,46.4,100,0,2.51,clear sky
315,Ahipara,NZ,-35.17,173.17,63.82,95,100,8.97,light rain
316,Shelburne,CA,44.08,-80.2,41.0,88,32,13.56,scattered clouds
317,Lavrentiya,RU,65.58,-171.0,17.85,91,33,9.93,scattered clouds
318,Turukhansk,RU,65.82,87.98,-1.21,93,100,10.8,overcast clouds
319,Marzuq,YE,14.4,46.47,68.52,70,2,7.92,clear sky
320,Rocha,UY,-34.48,-54.33,80.62,59,6,14.5,clear sky
321,Saint-Augustin,CA,51.23,-58.65,30.76,98,100,10.27,light snow
322,Mananjary,MG,-21.22,48.33,78.53,76,0,12.08,clear sky
323,Atar,MR,20.52,-13.05,82.0,16,70,3.18,broken clouds
324,Termoli,IT,41.99,14.99,52.0,99,100,5.01,moderate rain
325,Maniitsoq,GL,65.42,-52.9,29.98,98,100,28.34,snow
326,Manaure,CO,11.78,-72.44,84.47,74,100,19.22,overcast clouds
327,Lincoln,US,40.8,-96.67,37.0,64,1,19.46,clear sky
328,Cabra,ES,37.47,-4.44,60.8,67,0,8.05,clear sky
329,Tangshan,CN,39.63,118.18,27.81,76,0,2.42,clear sky
330,Przhevalskoye,RU,55.51,31.85,34.99,98,100,5.91,light rain
331,Kontagora,NG,10.4,5.47,97.92,10,0,4.94,clear sky
332,Chimbote,PE,-9.09,-78.58,69.71,74,72,7.09,broken clouds
333,Chicama,PE,-7.84,-79.15,62.6,93,90,8.05,mist
334,Kaitangata,NZ,-46.28,169.85,52.0,71,92,3.0,overcast clouds
335,Hofn,IS,64.25,-15.21,33.8,100,20,8.05,few clouds
336,Port Hardy,CA,50.7,-127.42,44.6,80,90,12.75,overcast clouds
337,Port Elizabeth,ZA,-33.92,25.57,69.8,56,0,8.05,clear sky
338,Vestmannaeyjar,IS,63.44,-20.27,39.2,86,40,17.22,scattered clouds
339,Yangambi,CD,0.81,24.43,78.22,83,39,2.75,light rain
340,Mareeba,AU,-17.0,145.43,77.0,83,90,5.82,overcast clouds
341,Whitehorse,CA,60.72,-135.05,28.4,68,20,24.16,few clouds
342,Avera,US,33.19,-82.53,55.4,76,90,4.7,haze
343,Machinga,MW,-15.17,35.3,85.8,39,81,2.93,broken clouds
344,Lebu,CL,-37.62,-73.65,57.9,54,0,19.46,clear sky
345,Benguela,AO,-12.58,13.41,80.91,72,99,6.64,overcast clouds
346,Changli,CN,39.7,119.15,26.22,79,0,7.38,clear sky
347,San Vicente,AR,-26.62,-54.13,89.42,40,98,6.62,moderate rain
348,Zyryanka,RU,65.75,150.85,-15.47,89,23,4.72,few clouds
349,Bubaque,GW,11.28,-15.83,81.0,39,44,6.33,scattered clouds
350,Concordia,AR,-31.39,-58.02,75.2,73,40,5.82,scattered clouds
351,Horsham,GB,51.06,-0.33,46.99,87,90,4.7,overcast clouds
352,Kinsale,IE,51.71,-8.53,51.01,93,90,3.36,overcast clouds
353,Kuching,MY,1.55,110.33,75.2,100,40,3.36,scattered clouds
354,Kifri,IQ,34.7,44.97,58.41,67,40,9.06,scattered clouds
355,Muswellbrook,AU,-32.27,150.9,66.99,68,14,8.01,few clouds
356,Lompoc,US,34.64,-120.46,41.0,64,1,4.7,clear sky
357,Cervia,IT,44.27,12.34,46.4,81,90,9.17,mist
358,Urengoy,RU,65.97,78.37,6.12,94,100,9.69,overcast clouds
359,Srednekolymsk,RU,67.45,153.68,-15.88,88,96,7.74,overcast clouds
360,Pokhara,NP,28.23,83.98,58.66,42,0,3.4,clear sky
361,Payo,ID,-3.75,103.64,73.67,91,100,0.74,light rain
362,Ornskoldsvik,SE,63.29,18.72,26.6,100,75,4.7,broken clouds
363,Viedma,AR,-40.81,-63.0,63.0,34,0,8.01,clear sky
364,Tshikapa,CD,-6.42,20.8,81.03,85,100,2.42,moderate rain
365,Ina,JP,35.83,137.95,36.0,90,1,3.11,clear sky
366,Aykhal,RU,66.0,111.5,-0.4,84,75,2.24,light snow
367,Ostrovnoy,RU,68.05,39.51,28.58,95,100,27.16,overcast clouds
368,Rosetta,EG,31.4,30.42,62.6,82,40,9.17,scattered clouds
369,Tuktoyaktuk,CA,69.45,-133.04,-4.0,83,40,10.29,scattered clouds
370,Buenos Aires,AR,-34.61,-58.38,86.0,48,20,8.05,few clouds
371,Bambous Virieux,MU,-20.34,57.76,78.8,69,40,10.29,scattered clouds
372,Kilimatinde,TZ,-5.85,34.95,83.95,39,83,3.69,light rain
373,Somerset East,ZA,-32.72,25.59,73.89,35,0,13.71,clear sky
374,Itoman,JP,26.12,127.67,68.0,60,75,17.22,broken clouds
375,Rodino,RU,52.5,80.25,19.71,96,58,8.55,broken clouds
376,Tahlequah,US,35.92,-94.97,44.01,100,90,4.34,overcast clouds
377,Manokwari,ID,-0.87,134.08,78.91,83,100,3.47,moderate rain
378,Vaniyambadi,IN,12.68,78.62,71.22,91,11,4.74,few clouds
379,Fuling,CN,29.7,107.39,49.59,72,19,3.13,few clouds
380,Ambilobe,MG,-13.2,49.05,79.57,76,48,4.7,moderate rain
381,Pontianak,ID,-0.03,109.33,76.41,87,100,0.45,overcast clouds
382,Black Forest,US,39.01,-104.7,28.0,53,1,8.05,clear sky
383,Katangli,RU,51.71,143.23,18.07,96,100,14.76,light snow
384,Navahrudak,BY,53.6,25.83,29.43,100,100,7.31,overcast clouds
385,Quatre Cocos,MU,-20.21,57.76,78.8,69,40,10.29,scattered clouds
386,Axim,GH,4.87,-2.24,82.76,78,45,8.5,light rain
387,Dorokhovo,RU,55.55,36.37,35.6,91,90,13.42,light rain
388,Shevchenkove,UA,49.7,37.17,39.2,86,90,11.18,overcast clouds
389,Chiang Klang,TH,19.29,100.86,70.47,67,52,1.74,broken clouds
390,Birobidzhan,RU,48.8,132.95,12.69,82,95,5.21,overcast clouds
391,Hualmay,PE,-11.1,-77.61,70.92,69,61,9.64,broken clouds
392,Kununurra,AU,-15.77,128.73,84.2,74,57,5.82,broken clouds
393,Kudahuvadhoo,MV,2.67,72.89,82.71,63,23,5.08,few clouds
394,Abha,SA,18.22,42.51,64.4,63,40,6.93,scattered clouds
395,Beatrice,US,40.27,-96.75,37.99,69,1,20.8,clear sky
396,Port Macquarie,AU,-31.43,152.92,69.8,68,40,8.05,light rain
397,Carthage,TN,36.86,10.33,62.6,72,75,11.41,light rain
398,Savannah Bight,HN,16.45,-85.85,82.99,78,20,14.0,few clouds
399,Tongzi,CN,28.78,105.09,55.51,63,100,3.33,overcast clouds
400,Bani Walid,LY,31.76,13.99,67.06,28,0,16.06,clear sky
401,Lorengau,PG,-2.02,147.27,82.85,80,87,7.99,moderate rain
402,Kharan,PK,28.58,65.42,54.7,36,25,1.74,scattered clouds
403,Karratha,AU,-20.74,116.85,77.72,73,0,11.54,light rain
404,Batemans Bay,AU,-35.72,150.18,61.0,91,16,1.01,few clouds
405,Naze,JP,28.37,129.48,66.2,68,90,17.22,overcast clouds
406,Dire,ML,12.28,-10.97,98.11,15,99,5.28,overcast clouds
407,Kedougou,SN,12.56,-12.17,101.82,14,98,2.06,overcast clouds
408,Staunton,US,38.15,-79.07,46.99,58,1,4.27,clear sky
409,Ouegoa,NC,-20.35,164.43,73.44,73,0,9.13,clear sky
410,Bandarbeyla,SO,9.49,50.81,77.81,78,3,17.74,light rain
411,Ardakan,IR,32.31,54.02,51.8,76,40,4.7,mist
412,Lufilufi,WS,-13.87,-171.6,77.0,94,75,4.7,broken clouds
413,Jining,CN,35.41,116.58,37.72,76,5,3.27,clear sky
414,Paracatu,BR,-17.22,-46.87,80.35,54,45,7.85,scattered clouds
415,Rajpura,IN,30.48,76.59,62.55,30,2,2.3,clear sky
416,Ugoofaaru,MV,5.67,73.0,83.03,67,73,10.09,broken clouds
417,Nurota,UZ,40.56,65.69,37.4,64,0,11.41,clear sky
418,Berdigestyakh,RU,62.1,126.7,-7.91,90,100,4.36,overcast clouds
419,Sisimiut,GL,66.94,-53.67,27.68,96,100,17.25,snow
420,Grand-Santi,GF,4.25,-54.38,91.06,50,36,4.92,scattered clouds
421,Lazo,RU,43.38,133.9,15.96,80,0,3.78,clear sky
422,Bethel,US,41.37,-73.41,43.0,58,0,1.99,clear sky
423,Coari,BR,-4.08,-63.14,91.83,51,93,3.09,light rain
424,Ciudad Bolivar,VE,8.12,-63.55,87.39,56,40,8.72,scattered clouds
425,Petropavlovsk-Kamchatskiy,RU,53.05,158.65,15.8,72,40,8.95,scattered clouds
426,Maba,CN,24.68,113.6,51.03,72,13,3.87,few clouds
427,Sinnamary,GF,5.38,-52.95,85.33,67,4,10.94,clear sky
428,Kushima,JP,31.46,131.23,47.98,75,0,7.54,clear sky
429,Salalah,OM,17.02,54.09,80.6,69,75,10.29,broken clouds
430,Severnyy,RU,50.68,36.55,37.4,93,90,13.42,light rain
431,Khalkhal,IR,37.62,48.53,31.96,97,100,4.81,light rain
432,Douentza,ML,15.0,-2.95,94.64,12,0,7.72,clear sky
433,Nampa,US,43.54,-116.56,24.8,100,1,6.93,clear sky
434,Pavlovskiy Posad,RU,55.78,38.65,35.6,100,90,15.66,overcast clouds
435,Gravdal,NO,68.12,13.5,46.4,81,75,19.46,broken clouds
436,Egersund,NO,58.45,6.0,42.8,81,75,10.29,broken clouds
437,Zhongshu,CN,24.52,103.77,46.4,88,39,4.32,scattered clouds
438,Bandiagara,ML,14.35,-3.61,94.8,13,0,9.82,clear sky
439,Khandyga,RU,62.67,135.6,-28.3,85,12,1.66,few clouds
440,Pathein,MM,16.78,94.73,72.84,77,0,6.17,clear sky
441,Bukama,CD,-9.2,25.85,84.54,68,47,4.14,light rain
442,Santa Cruz De Tenerife,ES,28.47,-16.25,66.99,77,75,13.87,broken clouds
443,Hay River,CA,60.82,-115.8,24.8,68,100,18.34,overcast clouds
444,Mocuba,MZ,-16.84,36.99,96.01,32,25,6.38,scattered clouds
445,Patnongon,PH,10.91,121.99,78.75,76,3,5.32,clear sky
446,Yerbogachen,RU,61.28,108.01,-3.24,91,92,6.46,overcast clouds
447,Saquena,PE,-4.67,-73.52,85.46,64,90,4.25,light rain
448,Paamiut,GL,61.99,-49.67,28.09,89,92,15.64,overcast clouds
449,Grand Forks,US,47.94,-97.43,26.6,63,90,12.75,overcast clouds
450,Adre,TD,13.47,22.2,87.28,14,0,6.31,clear sky
451,Palafrugell,ES,41.92,3.16,60.01,32,0,2.93,clear sky
452,Flinders,AU,-34.58,150.86,66.0,70,31,5.01,scattered clouds
453,Moerai,PF,-22.43,-151.33,77.47,89,33,9.06,scattered clouds
454,Marystown,CA,47.17,-55.15,44.89,89,100,19.04,overcast clouds
455,Tadine,NC,-21.55,167.88,71.22,66,0,6.91,clear sky
456,Kulachi,PK,31.93,70.46,63.52,27,0,3.8,clear sky
457,Deputatskiy,RU,69.3,139.9,-16.2,89,31,6.35,scattered clouds
458,Puerto Quijarro,BO,-17.78,-57.77,104.81,22,1,6.08,clear sky
459,Chardara,KZ,41.25,67.97,33.53,85,0,12.84,clear sky
460,Terenos,BR,-20.44,-54.86,91.4,38,40,11.41,scattered clouds
461,San Ignacio,BZ,17.16,-89.07,71.6,100,40,6.93,mist
462,Chippewa Falls,US,44.94,-91.39,37.99,73,97,3.0,overcast clouds
463,Sicamous,CA,50.83,-118.99,28.4,100,92,1.12,overcast clouds
464,Merauke,ID,-8.47,140.33,80.47,83,100,10.16,light rain
465,Khuzdar,PK,27.74,66.64,58.35,25,0,2.24,clear sky
466,Tautira,PF,-17.73,-149.15,78.8,78,75,3.36,broken clouds
467,Karachi,PK,24.91,67.08,71.6,28,0,4.7,clear sky
468,Rapid City,US,44.08,-103.23,28.0,58,1,18.34,clear sky
469,Fairbanks,US,64.84,-147.72,15.01,84,75,3.36,broken clouds
470,Raahe,FI,64.68,24.48,30.2,92,90,6.93,overcast clouds
471,Toktogul,KG,41.87,72.94,27.73,78,0,2.8,clear sky
472,Grand Gaube,MU,-20.01,57.66,77.0,73,1,8.99,clear sky
473,Pallasovka,RU,50.05,46.88,31.87,91,0,14.05,clear sky
474,Tura,IN,25.52,90.22,62.85,87,0,4.05,clear sky
475,Kostomuksha,RU,64.57,30.58,25.9,97,100,6.89,overcast clouds
476,Seddon,AU,-37.81,144.89,59.0,76,75,5.82,broken clouds
477,San Quintin,MX,30.48,-115.95,43.0,3,0,3.0,clear sky
478,Yangliuqing,CN,39.14,117.0,33.8,47,0,6.71,clear sky
479,Makakilo City,US,21.35,-158.09,71.6,83,20,11.32,few clouds
480,Korla,CN,41.76,86.15,30.54,87,1,10.25,clear sky
481,Palmer,US,42.16,-72.33,44.01,74,1,3.36,clear sky
482,Khani,GE,41.96,42.96,55.4,37,0,16.11,clear sky
483,Faya,SA,18.39,42.45,64.4,63,40,6.93,scattered clouds
484,Cadereyta,MX,25.58,-99.98,60.8,63,90,5.82,overcast clouds
485,Buba,GW,11.58,-15.0,97.41,16,70,0.98,broken clouds
486,Nhulunbuy,AU,-12.23,136.77,82.4,74,98,6.13,overcast clouds
487,Raudeberg,NO,61.99,5.14,46.4,87,40,19.46,shower rain
488,Chervone,UA,49.96,28.86,32.2,91,99,5.32,overcast clouds
489,Ust-Maya,RU,60.42,134.53,-14.21,89,95,0.47,overcast clouds
490,Ahuimanu,US,21.44,-157.84,72.0,78,40,4.7,scattered clouds
491,Kalamnuri,IN,19.67,77.33,73.71,59,43,5.75,scattered clouds
492,Canto Do Buriti,BR,-8.11,-42.94,89.98,40,82,9.01,broken clouds
493,Troy,US,42.61,-83.15,41.0,74,1,8.05,clear sky
494,Acapulco,MX,16.86,-99.89,75.2,88,40,4.7,scattered clouds
495,Dumas,US,35.87,-101.97,37.0,78,1,24.16,clear sky
496,Skjervoy,NO,70.03,20.97,41.0,80,20,10.29,light rain
497,Bardiyah,LY,31.76,25.09,65.03,47,46,6.42,scattered clouds
498,Agua Verde,MX,22.9,-106.05,68.0,93,5,3.36,clear sky
499,Bermeo,ES,43.42,-2.72,66.2,52,0,2.24,clear sky
500,Westport,US,41.14,-73.36,46.99,57,1,6.44,clear sky
501,Ayan,RU,56.45,138.17,4.06,87,44,15.3,scattered clouds
502,Roald,NO,62.58,6.13,46.4,65,75,13.87,broken clouds
503,Codrington,AU,-38.27,141.97,49.55,86,0,3.2,clear sky
504,Turbat,PK,26.0,63.04,73.69,21,0,1.43,clear sky
505,Mokolo,CM,10.74,13.8,84.72,18,99,8.16,overcast clouds
506,Broken Hill,AU,-31.95,141.43,68.0,30,0,10.29,clear sky
507,Bilma,NE,18.69,12.92,87.89,13,0,5.97,clear sky
508,Hasaki,JP,35.73,140.83,50.0,81,75,6.93,broken clouds
509,Wyszkow,PL,52.59,21.46,35.01,81,89,1.99,overcast clouds
510,Half Moon Bay,US,37.46,-122.43,44.6,74,1,5.1,clear sky
511,West Wendover,US,40.74,-114.07,15.8,78,1,1.81,clear sky
512,Havre-Saint-Pierre,CA,50.23,-63.6,26.6,92,75,3.36,broken clouds
513,Eureka,US,40.8,-124.16,35.6,93,1,4.7,clear sky
514,Manzanillo,CU,20.34,-77.12,78.1,71,0,12.35,clear sky
515,Comodoro Rivadavia,AR,-45.87,-67.5,64.4,25,20,20.8,few clouds
516,Esperance,AU,-33.87,121.9,64.4,68,40,6.93,scattered clouds
517,Freetown,SL,8.48,-13.23,81.68,75,100,5.64,light rain
518,Vestmanna,FO,62.16,-7.17,44.6,81,77,19.46,broken clouds
519,Waipawa,NZ,-41.41,175.52,53.6,93,48,9.17,scattered clouds
520,Victor Harbor,AU,-35.57,138.62,59.0,77,33,10.45,scattered clouds
521,Klyuchi,RU,52.27,79.17,18.41,97,71,7.78,broken clouds
522,Beipiao,CN,41.79,120.78,14.04,87,0,3.96,clear sky
523,Xunchang,CN,28.45,104.72,53.47,67,100,1.7,overcast clouds
524,Tuburan,PH,6.64,122.27,81.82,77,63,3.47,light rain
525,Outlook,CA,51.5,-107.05,6.8,84,0,9.17,clear sky
526,Upata,VE,8.01,-62.4,82.99,75,34,1.01,scattered clouds
527,Pangnirtung,CA,66.15,-65.71,-1.59,88,100,1.41,overcast clouds
528,Tselinnoye,RU,53.08,85.67,17.06,95,97,1.86,overcast clouds
529,Lasa,IT,46.62,10.7,41.0,56,5,4.7,clear sky
530,North Vanlaiphai,IN,23.13,93.07,52.05,88,0,2.75,clear sky
531,Monterey,US,36.25,-121.25,39.2,59,1,5.82,clear sky
532,Narsaq,GL,60.92,-46.05,21.2,57,0,9.17,clear sky
533,Havoysund,NO,71.0,24.66,39.2,69,40,19.46,scattered clouds
534,Bumba,CD,2.18,22.47,80.29,75,80,2.91,light rain
535,Candido De Abreu,BR,-24.57,-51.33,90.32,43,92,4.61,overcast clouds
536,Inta,RU,66.03,60.17,16.03,92,100,23.51,overcast clouds
537,Constitucion,CL,-35.33,-72.42,65.66,55,0,16.96,clear sky
538,Alakurtti,RU,66.97,30.35,27.0,92,100,5.01,overcast clouds
539,Richards Bay,ZA,-28.78,32.04,72.3,64,30,13.18,scattered clouds
540,Dongying,CN,37.46,118.49,34.16,77,0,4.14,clear sky
541,Oissel,FR,49.33,1.1,42.01,93,90,5.82,overcast clouds
542,Waingapu,ID,-9.66,120.26,82.71,76,63,2.04,broken clouds
543,Allanridge,ZA,-27.75,26.64,84.99,33,0,7.83,clear sky
544,Kushiro,JP,42.98,144.37,33.39,87,84,10.63,broken clouds
545,Jalu,LY,29.03,21.55,72.95,21,0,7.54,clear sky
546,Conceicao Da Barra,BR,-18.59,-39.73,81.86,65,0,9.24,clear sky
547,Cubulco,GT,15.13,-90.58,66.0,88,20,4.7,few clouds
548,Acarau,BR,-2.89,-40.12,89.91,45,79,17.72,broken clouds
549,Mirnyy,RU,62.54,113.96,-4.0,83,90,8.95,light snow
550,Nalgonda,IN,17.05,79.27,73.74,74,0,4.7,clear sky
551,Cairns,AU,-16.92,145.77,77.0,83,90,5.82,overcast clouds
552,Helong,CN,42.54,129.0,15.66,86,0,4.32,clear sky
553,Padang,ID,-0.95,100.35,78.08,72,7,2.17,clear sky
554,Morristown,US,36.21,-83.29,44.6,75,1,4.7,clear sky
555,Kinablangan,PH,7.69,126.55,78.44,81,100,6.62,light rain
556,Stadskanaal,NL,52.98,6.95,39.0,79,0,1.01,clear sky
557,Pacific Grove,US,36.62,-121.92,39.2,55,1,3.36,clear sky
558,Great Yarmouth,GB,52.61,1.73,48.0,87,75,2.24,broken clouds
559,Amapa,BR,1.0,-52.0,84.43,78,30,4.14,light rain
560,Edwardsville,US,38.81,-89.95,42.01,67,1,4.7,clear sky
561,Macenta,GN,8.54,-9.47,88.63,40,69,3.62,broken clouds
562,Jinxiang,CN,27.43,120.61,57.61,70,95,14.47,overcast clouds
563,Hodmezovasarhely,HU,46.42,20.33,37.0,87,97,0.4,overcast clouds
564,Ketchikan,US,55.34,-131.65,44.6,100,90,21.92,mist
565,San Vicente De Canete,PE,-13.08,-76.38,71.74,66,50,6.85,scattered clouds
566,Grand Island,US,40.92,-98.34,34.0,74,1,31.09,clear sky
567,Palmerston,AU,-12.49,130.98,84.2,79,20,8.05,few clouds
568,Iguape,BR,-24.71,-47.56,85.3,58,1,5.99,clear sky
569,Atikokan,CA,48.76,-91.62,26.6,96,100,11.16,overcast clouds
570,Balinsasayao,PH,10.68,124.96,76.5,89,59,3.6,light rain
571,Hopelchen,MX,19.77,-89.85,73.4,94,5,5.19,clear sky
572,Santa Maria,BR,-29.68,-53.81,82.4,69,20,10.29,few clouds
573,Praia,CV,14.92,-23.51,78.8,54,75,14.99,broken clouds
574,Dubbo,AU,-32.25,148.62,66.2,63,68,6.93,broken clouds
575,Banda Aceh,ID,5.56,95.32,78.01,83,100,5.53,overcast clouds
576,Dingle,PH,11.0,122.67,75.81,90,20,6.89,light rain
577,Longhua,CN,23.61,114.19,56.25,68,83,4.18,broken clouds
578,Nouadhibou,MR,20.93,-17.03,77.0,36,14,6.93,few clouds
579,Oistins,BB,13.07,-59.53,86.0,74,40,18.34,scattered clouds
580,Phuket,TH,8.0,98.25,84.99,83,20,3.36,few clouds
581,Najran,SA,17.49,44.13,78.8,39,75,6.93,broken clouds
582,Clarence Town,AU,-32.58,151.78,69.8,68,75,11.41,light rain
583,Coahuayana,MX,18.73,-103.68,71.6,78,75,5.82,haze
584,Koraput,IN,18.82,82.72,63.88,67,0,4.09,clear sky
585,Ushtobe,KZ,45.25,77.98,24.33,91,97,11.23,overcast clouds
586,Batsfjord,NO,70.63,29.72,26.6,92,20,27.51,few clouds
587,Alnashi,RU,56.19,52.48,21.52,98,100,7.4,overcast clouds
588,Midsalip,PH,8.0,123.27,66.96,100,56,3.78,broken clouds
589,Verkhoyansk,RU,67.54,133.38,-18.87,86,98,2.57,overcast clouds
590,Aquiraz,BR,-3.9,-38.39,89.6,49,20,20.8,few clouds
591,Nizwa,OM,22.93,57.53,65.64,37,0,1.61,clear sky
592,Kaeo,NZ,-35.1,173.78,64.0,94,100,8.86,overcast clouds
593,Suriapet,IN,17.15,79.62,73.69,74,0,4.41,clear sky
594,Pimentel,PE,-6.84,-79.93,71.6,68,20,11.41,few clouds
595,Cimitarra,CO,6.31,-73.95,85.35,54,46,2.98,scattered clouds
596,Kotelnich,RU,58.31,48.35,19.15,97,90,6.87,light snow
597,Kalnibolotskaya,RU,46.01,40.46,42.87,85,0,10.98,clear sky
598,Taseyevo,RU,57.22,94.9,6.55,92,97,2.62,overcast clouds
599,Farnham,GB,51.21,-0.8,46.4,87,90,3.36,haze
600,Tarrafal,CV,15.28,-23.77,78.8,54,75,14.99,broken clouds
601,Novoasbest,RU,57.74,60.29,11.89,94,0,2.8,clear sky
602,Santa Cruz De La Palma,ES,28.68,-17.76,69.8,49,40,6.93,scattered clouds
603,Ballina,AU,-28.87,153.57,73.4,78,83,8.05,broken clouds
604,Camacha,PT,33.08,-16.33,62.6,59,40,9.17,shower rain
605,Henties Bay,NA,-22.12,14.28,62.01,82,3,14.79,clear sky
606,Capljina,BA,43.12,17.68,55.4,47,75,9.17,broken clouds
607,Peniche,PT,39.36,-9.38,59.0,85,100,7.0,moderate rain
608,Shwebo,MM,22.57,95.7,66.78,71,0,4.88,clear sky
609,Vila Velha,BR,-20.33,-40.29,84.0,65,40,11.41,scattered clouds
610,Antofagasta,CL,-23.65,-70.4,70.0,72,40,14.99,scattered clouds
611,Baoro,CF,5.67,15.97,89.73,22,11,7.85,few clouds
612,Beringovskiy,RU,63.05,179.32,7.21,92,14,10.11,few clouds
613,Ban Tak,TH,17.04,99.08,72.1,81,83,2.62,broken clouds
614,Diffa,NE,13.32,12.61,88.88,12,50,12.17,scattered clouds
615,Beian,NO,63.66,9.57,35.6,74,75,21.92,broken clouds
616,Castro Daire,PT,40.9,-7.93,60.8,63,20,4.7,few clouds
617,Kimberley,ZA,-28.73,24.76,89.6,25,0,9.17,clear sky
618,Taua,BR,-5.97,-40.3,91.26,31,43,9.93,scattered clouds
619,Awbari,LY,26.59,12.78,69.1,23,100,7.09,overcast clouds
620,Bachaquero,VE,9.97,-71.15,82.38,77,100,7.0,light rain
621,Staryy Nadym,RU,65.61,72.68,9.55,93,100,14.18,overcast clouds
622,Marsa Matruh,EG,31.35,27.25,69.8,46,0,6.93,clear sky
623,Curaca,BR,-8.99,-39.91,89.65,33,22,13.42,few clouds
624,Pandan,PH,14.05,124.17,80.37,82,17,18.59,light rain
625,Shubarkuduk,KZ,49.14,56.49,16.88,95,0,9.78,clear sky
626,Moindou,NC,-21.69,165.68,66.2,72,0,4.7,clear sky
627,Fukuchiyama,JP,35.3,135.12,45.0,79,0,1.52,clear sky
628,Husavik,IS,66.04,-17.34,28.4,100,40,3.36,scattered clouds
629,Thames,NZ,-37.13,175.53,57.0,86,100,4.43,overcast clouds
630,Eydhafushi,MV,5.1,73.07,83.12,65,66,9.26,broken clouds
631,Yanam,IN,16.73,82.22,80.6,57,33,6.93,light rain
632,Camopi,GF,3.17,-52.32,82.44,84,16,4.38,moderate rain
633,Nha Trang,VN,12.25,109.18,77.0,88,75,21.92,heavy intensity rain
634,Homer,US,59.64,-151.55,35.01,94,75,4.68,broken clouds
635,Ponta Delgada,PT,37.73,-25.67,57.2,87,40,25.28,light intensity shower rain
636,Hornepayne,CA,49.21,-84.77,22.59,92,100,8.03,overcast clouds
637,Mountain Home,US,43.13,-115.69,19.4,87,1,3.36,clear sky
638,Nioro,GM,13.35,-15.75,97.45,12,90,2.48,overcast clouds
639,Tutoia,BR,-2.76,-42.27,85.89,61,53,14.27,broken clouds
640,Yamada,JP,39.47,141.95,40.44,80,61,4.14,broken clouds
641,Toora-Khem,RU,52.47,96.11,-0.78,88,1,0.74,clear sky
642,Porto Walter,BR,-8.27,-72.74,89.92,51,84,3.67,broken clouds
643,Galesburg,US,40.95,-90.37,39.99,80,1,5.82,clear sky
644,Lamar,US,33.67,-95.58,43.0,93,90,4.7,overcast clouds
645,Gobabis,NA,-22.45,18.97,98.6,26,85,1.12,overcast clouds
646,Sioux Lookout,CA,50.1,-91.92,21.2,92,75,8.05,broken clouds
647,Naryan-Mar,RU,67.67,53.09,20.46,93,100,19.1,overcast clouds
648,Painesville,US,41.72,-81.25,46.0,52,1,8.05,clear sky
649,Buluang,PH,13.31,123.34,76.82,85,16,5.84,few clouds
650,Sao Sebastiao,BR,-23.76,-45.41,85.01,60,3,4.72,clear sky
651,Baykit,RU,61.67,96.37,0.79,88,18,3.53,few clouds
652,Sarab,IR,38.61,44.99,36.19,89,100,3.36,overcast clouds
653,Poum,NC,-20.23,164.02,75.72,71,1,14.23,clear sky
654,Itaituba,BR,-4.28,-55.98,84.2,79,75,9.17,broken clouds
655,Monte Di Procida,IT,40.8,14.05,57.99,87,75,4.7,broken clouds
656,Greytown,ZA,-29.06,30.59,58.26,90,95,4.85,overcast clouds
657,Am Timan,TD,11.03,20.28,95.07,15,8,4.38,clear sky
658,Rosenberg,SK,49.07,19.31,37.4,69,75,2.24,light rain
659,Zheleznodorozhnyy,RU,55.75,38.0,36.0,100,90,15.66,overcast clouds
660,Dharchula,IN,29.85,80.53,53.67,37,0,5.77,clear sky
661,Edson,CA,53.58,-116.44,17.6,78,75,4.79,broken clouds
662,Bethanien,NA,-26.5,17.16,95.07,10,0,23.0,clear sky
663,Bulgan,MN,48.81,103.53,5.83,88,0,2.17,clear sky
664,Vanimo,PG,-2.67,141.3,79.03,83,100,1.19,moderate rain
665,Svetlyy,RU,54.67,20.13,35.6,80,75,6.71,broken clouds
666,Hare Bay,CA,48.85,-54.01,35.6,100,90,10.29,light rain
667,Bilgoraj,PL,50.54,22.72,32.0,97,98,3.15,overcast clouds
668,Tateyama,JP,34.98,139.87,51.8,66,40,9.17,scattered clouds
669,Kungurtug,RU,50.6,97.52,-1.16,86,0,0.76,clear sky
670,La Esperanza,GT,14.87,-91.57,72.0,100,90,2.42,fog
